360,6.00098E-05
361,0.000111442
362,0.000152602
363,0.000187527
364,0.00022297
365,0.000254044
366,0.000281193
367,0.000303715
368,0.000317156
369,0.000331378
370,0.000349771
371,0.000378291
372,0.000434219
373,0.000495836
374,0.000558818
375,0.000617812
376,0.000660553
377,0.000696086
378,0.00072411
379,0.000743536
380,0.000745172
381,0.000742856
382,0.000740469
383,0.000742187
384,0.000757926
385,0.000782494
386,0.000817137
387,0.000863306
388,0.000936547
389,0.001017704
390,0.00110221
391,0.001185493
392,0.001247943
393,0.001305764
394,0.001360586
395,0.001413842
396,0.001468947
397,0.001524652
398,0.001581503
399,0.001640123
400,0.001704388
401,0.001770642
402,0.001837909
403,0.001905452
404,0.0019711
405,0.002035957
406,0.002100064
407,0.002163301
408,0.002224221
409,0.00228436
410,0.002344382
411,0.002404758
412,0.002465446
413,0.002527529
414,0.002591808
415,0.002658984
416,0.002734114
417,0.002812912
418,0.002892972
419,0.002972935
420,0.003048319
421,0.003121208
422,0.003192648
423,0.003262808
424,0.003329257
425,0.003394894
426,0.003462056
427,0.003532222
428,0.003614451
429,0.003702709
430,0.003791496
431,0.003878286
432,0.003951158
433,0.004016452
434,0.004080902
435,0.004147111
436,0.004223349
437,0.004307174
438,0.004395259
439,0.004487031
440,0.004580136
441,0.004675451
442,0.004774468
443,0.004877666
444,0.004988893
445,0.005106125
446,0.005225637
447,0.00534584
448,0.005462408
449,0.005575546
450,0.005687397
451,0.005798141
452,0.005906756
453,0.006014057
454,0.006122048
455,0.006231725
456,0.006346029
457,0.006465165
458,0.00658682
459,0.006710562
460,0.006834721
461,0.006959195
462,0.007085888
463,0.007215336
464,0.007349748
465,0.007489524
466,0.007631618
467,0.007775134
468,0.007918335
469,0.008060234
470,0.008201979
471,0.008343463
472,0.008482805
473,0.008619318
474,0.008757708
475,0.008899673
476,0.009050339
477,0.009213419
478,0.009380042
479,0.009548081
480,0.009712359
481,0.009868126
482,0.010023734
483,0.010180755
484,0.010342723
485,0.010513602
486,0.010687241
487,0.010862556
488,0.011037049
489,0.011207211
490,0.011378519
491,0.011552088
492,0.011729928
493,0.011915229
494,0.012104186
495,0.012296308
496,0.012491362
497,0.012689671
498,0.012889015
499,0.013088341
500,0.013285763
501,0.013476652
502,0.013666837
503,0.013857407
504,0.014049703
505,0.014246345
506,0.014445749
507,0.014648197
508,0.014854141
509,0.015065493
510,0.015279876
511,0.015496778
512,0.015715402
513,0.015930114
514,0.016148183
515,0.01637136
516,0.016601609
517,0.016849516
518,0.017104071
519,0.017363386
520,0.017625561
521,0.017882906
522,0.018141484
523,0.01840182
524,0.018664312
525,0.018930161
526,0.019198738
527,0.019470084
528,0.019744297
529,0.020024821
530,0.020307364
531,0.020590309
532,0.020872332
533,0.021148076
534,0.021421332
535,0.021692986
536,0.021963457
537,0.022229264
538,0.022495607
539,0.022765283
540,0.023040457
541,0.023328394
542,0.023625109
543,0.023929477
544,0.024241325
545,0.02456291
546,0.024891179
547,0.025224304
548,0.025560981
549,0.025896734
550,0.026233874
551,0.026573349
552,0.026915342
553,0.027261853
554,0.027611049
555,0.027961737
556,0.028313233
557,0.028662546
558,0.029011436
559,0.029361041
560,0.029711813
561,0.030060893
562,0.03041213
563,0.030768784
564,0.031132987
565,0.031516641
566,0.031912141
567,0.032312617
568,0.032715015
569,0.03310569
570,0.033491783
571,0.03388048
572,0.034274459
573,0.034686338
574,0.035109505
575,0.035536774
576,0.035965376
577,0.036382031
578,0.036793523
579,0.037207946
580,0.037628427
581,0.038067687
582,0.038520433
583,0.03897943
584,0.039442297
585,0.039900236
586,0.040356357
587,0.040815443
588,0.04127888
589,0.041753251
590,0.042235631
591,0.042721413
592,0.043208893
593,0.043689627
594,0.044167276
595,0.044648141
596,0.045134578
597,0.045636065
598,0.046149485
599,0.046668403
600,0.047190815
601,0.047707878
602,0.048222676
603,0.048741702
604,0.04926718
605,0.049808014
606,0.050361548
607,0.05092125
608,0.051485088
609,0.052046094
610,0.052605715
611,0.053168252
612,0.053734764
613,0.05431043
614,0.054893412
615,0.055479236
616,0.056066275
617,0.056646243
618,0.057222158
619,0.057801262
620,0.058386236
621,0.058986515
622,0.059600081
623,0.060220595
624,0.060846347
625,0.061467867
626,0.062088773
627,0.06271784
628,0.063358411
629,0.064025819
630,0.064715333
631,0.06541393
632,0.066117086
633,0.066811994
634,0.067499727
635,0.06818717
636,0.068875298
637,0.069564916
638,0.070257068
639,0.070952863
640,0.071653299
641,0.072362475
642,0.073079325
643,0.073800765
644,0.074525855
645,0.075252265
646,0.075980045
647,0.076710045
648,0.077442162
649,0.078172781
650,0.078904465
651,0.079641707
652,0.080386631
653,0.081149533
654,0.081926264
655,0.082709104
656,0.083495215
657,0.084269032
658,0.085038051
659,0.085814476
660,0.086603232
661,0.087435536
662,0.088294283
663,0.08915399
664,0.090003826
665,0.090790659
666,0.09154024
667,0.092288561
668,0.093049623
669,0.09387701
670,0.094748892
671,0.095637016
672,0.096532516
673,0.097402684
674,0.098260932
675,0.099122562
676,0.099992111
677,0.100892171
678,0.101809658
679,0.102731489
680,0.103652209
681,0.104545534
682,0.105427213
683,0.106310554
684,0.107201181
685,0.108119331
686,0.109055065
687,0.110001497
688,0.110956639
689,0.111916125
690,0.112880543
691,0.113849707
692,0.114822835
693,0.115801066
694,0.116781272
695,0.11776112
696,0.118738808
697,0.119691581
698,0.120642819
699,0.121604681
700,0.122585215
701,0.123630613
702,0.124701224
703,0.125781938
704,0.126863375
705,0.127897769
706,0.128925443
707,0.129958123
708,0.13100338
709,0.132113397
710,0.133235842
711,0.134356678
712,0.13546434
713,0.136478439
714,0.137483373
715,0.138497502
716,0.139539525
717,0.140693143
718,0.141878039
719,0.143082738
720,0.14429383
721,0.145474121
722,0.146652669
723,0.147830114
724,0.149008214
725,0.150194719
726,0.151378036
727,0.152555063
728,0.153717101
729,0.154838204
730,0.155960187
731,0.157094389
732,0.158260226
733,0.159490779
734,0.160747901
735,0.162026599
736,0.163323432
737,0.164636031
738,0.165951774
739,0.167263061
740,0.168555811
741,0.169816285
742,0.171060294
743,0.172288641
744,0.173494458
745,0.174675167
746,0.175854325
747,0.177041396
748,0.17825909
749,0.179517359
750,0.180793941
751,0.182085499
752,0.18338871
753,0.18470031
754,0.186017126
755,0.187335953
756,0.188642293
757,0.189938709
758,0.191240236
759,0.192551956
760,0.193888336
761,0.195247605
762,0.196622387
763,0.198011637
764,0.199436396
765,0.20087567
766,0.202303827
767,0.203706563
768,0.205012292
769,0.206265822
770,0.207505018
771,0.208746806
772,0.210044414
773,0.211372271
774,0.212719858
775,0.214085862
776,0.21544376
777,0.21682404
778,0.218239918
779,0.219701499
780,0.221350968
